{
  "variant": "pesqopt",
  "stoi_col": "stoi_pesqopt",
  "pesq_col": "pesq_pesqopt",
  "filters": {
    "include_algs": [
      "spectralSubtractor",
      "wiener",
      "omlsa"
    ],
    "filter_metric": null,
    "filter_max": null
  },
  "per_algorithm": {
    "omlsa": {
      "count": 81,
      "mean_d_stoi": 0.07709977453447536,
      "std_d_stoi": 0.048251377159650666,
      "median_d_stoi": 0.06812448452404274,
      "mean_d_pesq": 1.4817409088582167,
      "std_d_pesq": 0.4244693541230195,
      "median_d_pesq": 1.5405014753341675,
      "pct_d_stoi_negative": 1.2345679012345678,
      "pct_d_pesq_negative": 0.0
    },
    "spectralSubtractor": {
      "count": 81,
      "mean_d_stoi": 0.08979882428164798,
      "std_d_stoi": 0.055637709068843855,
      "median_d_stoi": 0.08395952467408219,
      "mean_d_pesq": 1.6831203272313247,
      "std_d_pesq": 0.43489319256226106,
      "median_d_pesq": 1.785469651222229,
      "pct_d_stoi_negative": 1.2345679012345678,
      "pct_d_pesq_negative": 0.0
    },
    "wiener": {
      "count": 81,
      "mean_d_stoi": 0.08041037668795856,
      "std_d_stoi": 0.054484349984852895,
      "median_d_stoi": 0.06439833291156949,
      "mean_d_pesq": 1.5482759725900344,
      "std_d_pesq": 0.42877646527179264,
      "median_d_pesq": 1.580682635307312,
      "pct_d_stoi_negative": 1.2345679012345678,
      "pct_d_pesq_negative": 0.0
    }
  }
}