{
  "omlsa": {
    "pesq_pesqopt": 1.688085310459137,
    "count": 100
  },
  "spectralSubtractor": {
    "pesq_pesqopt": 1.5824506437778474,
    "count": 100
  },
  "wiener": {
    "pesq_pesqopt": 1.671755964756012,
    "count": 100
  }
}