{
  "omlsa": {
    "pesq_pesqopt": 1.3424124161402384,
    "count": 15
  },
  "spectralSubtractor": {
    "pesq_pesqopt": 1.2565113147099813,
    "count": 15
  },
  "wiener": {
    "pesq_pesqopt": 1.3441327730814616,
    "count": 15
  }
}