{
  "omlsa": {
    "stoi_stoiopt": 0.8344262580051126,
    "count": 100
  },
  "spectralSubtractor": {
    "stoi_stoiopt": 0.8319864969497942,
    "count": 100
  },
  "wiener": {
    "stoi_stoiopt": 0.8347960875997655,
    "count": 100
  }
}