{
  "omlsa": {
    "stoi_stoiopt": 0.6012446401509292,
    "count": 9
  },
  "spectralSubtractor": {
    "stoi_stoiopt": 0.597481735709942,
    "count": 9
  },
  "wiener": {
    "stoi_stoiopt": 0.6034313117817799,
    "count": 9
  }
}