{
  "variant": "stoiopt",
  "stoi_col": "stoi_stoiopt",
  "pesq_col": "pesq_stoiopt",
  "filters": {
    "include_algs": [
      "spectralSubtractor",
      "wiener",
      "omlsa"
    ],
    "filter_metric": null,
    "filter_max": null
  },
  "per_algorithm": {
    "omlsa": {
      "count": 100,
      "mean_d_stoi": 0.007162028316774749,
      "std_d_stoi": 0.00730652766023585,
      "median_d_stoi": 0.004603610151651283,
      "mean_d_pesq": 0.07797139525413513,
      "std_d_pesq": 0.17513962201953143,
      "median_d_pesq": 0.0017438530921936035,
      "pct_d_stoi_negative": 5.0,
      "pct_d_pesq_negative": 38.0
    },
    "spectralSubtractor": {
      "count": 100,
      "mean_d_stoi": 0.004722267261456322,
      "std_d_stoi": 0.006712563736849051,
      "median_d_stoi": 0.0016195692643873327,
      "mean_d_pesq": 0.07534656167030335,
      "std_d_pesq": 0.1319835156347008,
      "median_d_pesq": 0.023495197296142578,
      "pct_d_stoi_negative": 1.0,
      "pct_d_pesq_negative": 23.0
    },
    "wiener": {
      "count": 100,
      "mean_d_stoi": 0.007531857911427718,
      "std_d_stoi": 0.008233735531974398,
      "median_d_stoi": 0.005765745727871474,
      "mean_d_pesq": 0.15949127674102784,
      "std_d_pesq": 0.21326979326360768,
      "median_d_pesq": 0.08062213659286499,
      "pct_d_stoi_negative": 2.0,
      "pct_d_pesq_negative": 3.0
    }
  }
}