{
  "variant": "pesqopt",
  "stoi_col": "stoi_pesqopt",
  "pesq_col": "pesq_pesqopt",
  "filters": {
    "include_algs": [
      "spectralSubtractor",
      "wiener",
      "omlsa"
    ],
    "filter_metric": null,
    "filter_max": null
  },
  "per_algorithm": {
    "omlsa": {
      "count": 100,
      "mean_d_stoi": -0.025791747538779008,
      "std_d_stoi": 0.017397149411666053,
      "median_d_stoi": -0.025845216083609845,
      "mean_d_pesq": 0.40275471448898315,
      "std_d_pesq": 0.2871459230150017,
      "median_d_pesq": 0.36941075325012207,
      "pct_d_stoi_negative": 95.0,
      "pct_d_pesq_negative": 0.0
    },
    "spectralSubtractor": {
      "count": 100,
      "mean_d_stoi": -0.022966497331176748,
      "std_d_stoi": 0.022214104898653598,
      "median_d_stoi": -0.019207903931535708,
      "mean_d_pesq": 0.29712004780769347,
      "std_d_pesq": 0.24096500021814898,
      "median_d_pesq": 0.24827265739440918,
      "pct_d_stoi_negative": 88.0,
      "pct_d_pesq_negative": 0.0
    },
    "wiener": {
      "count": 100,
      "mean_d_stoi": -0.03463487146604646,
      "std_d_stoi": 0.02443320665023622,
      "median_d_stoi": -0.03522868905163423,
      "mean_d_pesq": 0.38642536878585815,
      "std_d_pesq": 0.27284328794585416,
      "median_d_pesq": 0.32833951711654663,
      "pct_d_stoi_negative": 91.0,
      "pct_d_pesq_negative": 0.0
    }
  }
}