{
  "variants": [
    "stoiopt",
    "balopt",
    "pesqopt"
  ],
  "filters": {
    "include_algs": [
      "spectralSubtractor",
      "wiener",
      "omlsa"
    ],
    "filter_metric": null,
    "filter_max": null
  },
  "per_algorithm": {
    "omlsa": {
      "stoiopt": {
        "mean_d_stoi": 0.0076175564679916725,
        "mean_d_pesq": 0.102332642633621
      },
      "balopt": {
        "mean_d_stoi": -0.006258381803205614,
        "mean_d_pesq": 0.42407851676418357
      },
      "pesqopt": {
        "mean_d_stoi": -0.02326313830309435,
        "mean_d_pesq": 0.453071899610023
      }
    },
    "spectralSubtractor": {
      "stoiopt": {
        "mean_d_stoi": 0.0053525319573751225,
        "mean_d_pesq": 0.09196065060079914
      },
      "balopt": {
        "mean_d_stoi": -0.0068323002685187866,
        "mean_d_pesq": 0.3180661675048201
      },
      "pesqopt": {
        "mean_d_stoi": -0.020705332572391117,
        "mean_d_pesq": 0.33658471499403864
      }
    },
    "wiener": {
      "stoiopt": {
        "mean_d_stoi": 0.008050274608939145,
        "mean_d_pesq": 0.19726534902232967
      },
      "balopt": {
        "mean_d_stoi": -0.004457699140444362,
        "mean_d_pesq": 0.3908552600912852
      },
      "pesqopt": {
        "mean_d_stoi": -0.03118497482742274,
        "mean_d_pesq": 0.4317997106134075
      }
    }
  }
}